ID,NAME,ABILITIES,HIDDEN,HP,ATTACK,DEFENSE,SPECIAL-ATTACK,SPECIAL-DEFENSE,SPEED,TYPES,MIN_LEVEL,MAX_LEVEL,EVOLINE
1,bulbasaur,"[""overgrow""]",chlorophyll,45,49,49,65,65,45,['GRASS'],[1],[15],"[1, 2, 3]"
2,ivysaur,"[""overgrow""]",chlorophyll,60,62,63,80,80,60,['GRASS'],[16],[31],"[1, 2, 3]"
3,venusaur,"[""overgrow""]",chlorophyll,80,82,83,100,100,80,['GRASS'],[32],[100],"[1, 2, 3]"
4,charmander,"[""blaze""]",solar-power,39,52,43,60,50,65,"[""FIRE""]",[1],[15],"[4, 5, 6]"
5,charmeleon,"[""blaze""]",solar-power,58,64,58,80,65,80,"[""FIRE""]",[16],[35],"[4, 5, 6]"
6,charizard,"[""blaze""]",solar-power,78,84,78,109,85,100,['FIRE'],[36],[100],"[4, 5, 6]"
7,squirtle,"[""torrent""]",rain-dish,44,48,65,50,64,43,"[""WATER""]",[1],[15],"[7, 8, 9]"
8,wartortle,"[""torrent""]",rain-dish,59,63,80,65,80,58,"[""WATER""]",[16],[35],"[7, 8, 9]"
9,blastoise,"[""torrent""]",rain-dish,79,83,100,85,105,78,"[""WATER""]",[36],[100],"[7, 8, 9]"
10,caterpie,"[""shield-dust""]",run-away,45,30,35,20,20,45,"[""BUG""]",[1],[6],"[10, 11, 12]"
11,metapod,"[""shed-skin""]",,50,20,55,25,25,30,"[""BUG""]",[7],[9],"[10, 11, 12]"
12,butterfree,"[""compound-eyes""]",tinted-lens,60,45,50,90,80,70,"[""BUG"", ""FLYING""]",[10],[100],"[10, 11, 12]"
13,weedle,"[""shield-dust""]",run-away,40,35,30,20,20,50,"[""BUG"", ""POISON""]",[1],[6],"[13, 14, 15]"
14,kakuna,"[""shed-skin""]",,45,25,50,25,25,35,"[""BUG"", ""POISON""]",[7],[9],"[13, 14, 15]"
15,beedrill,"[""swarm""]",sniper,65,90,40,45,80,75,"[""BUG"", ""POISON""]",[10],[100],"[13, 14, 15]"
16,pidgey,"[""keen-eye"", ""tangled-feet""]",big-pecks,40,45,40,35,35,56,['FLYING'],[1],[17],"[16, 17, 18]"
17,pidgeotto,"[""keen-eye"", ""tangled-feet""]",big-pecks,63,60,55,50,50,71,['FLYING'],[18],[35],"[16, 17, 18]"
18,pidgeot,"[""keen-eye"", ""tangled-feet""]",big-pecks,83,80,75,70,70,101,['FLYING'],[36],[100],"[16, 17, 18]"
19,rattata,"[""run-away"", ""guts""]",hustle,30,56,35,25,35,72,"[""NORMAL""]",[1],[19],"[19, 20]"
20,raticate,"[""run-away"", ""guts""]",hustle,55,81,60,50,70,97,"[""NORMAL""]",[20],[100],"[19, 20]"
21,spearow,"[""keen-eye""]",sniper,40,60,30,31,31,70,['FLYING'],[1],[19],"[21, 22]"
22,fearow,"[""keen-eye""]",sniper,65,90,65,61,61,100,['FLYING'],[20],[100],"[21, 22]"
23,ekans,"[""intimidate"", ""shed-skin""]",unnerve,35,60,44,40,54,55,"[""POISON""]",[1],[21],"[23, 24]"
24,arbok,"[""intimidate"", ""shed-skin""]",unnerve,60,95,69,65,79,80,"[""POISON""]",[22],[100],"[23, 24]"
25,pikachu,"[""static""]",lightning-rod,35,55,40,50,50,90,"[""ELECTRIC""]",[15],"[""thunder-stone""]","[172, 25, 26]"
26,raichu,"[""static""]",lightning-rod,60,90,55,90,80,110,"[""ELECTRIC""]","[""thunder-stone""]",[100],"[172, 25, 26]"
27,sandshrew,"[""sand-veil""]",sand-rush,50,75,85,20,30,40,"[""GROUND""]",[1],[21],"[27, 28]"
28,sandslash,"[""sand-veil""]",sand-rush,75,100,110,45,55,65,"[""GROUND""]",[22],[100],"[27, 28]"
29,nidoran-f,"[""poison-point"", ""rivalry""]",hustle,55,47,52,40,40,41,"[""POISON""]",[1],[15],"[29, 30, 31]"
30,nidorina,"[""poison-point"", ""rivalry""]",hustle,70,62,67,55,55,56,"[""POISON""]",[16],"[""moon-stone""]","[29, 30, 31]"
31,nidoqueen,"[""poison-point"", ""rivalry""]",sheer-force,90,92,87,75,85,76,"[""POISON"", ""GROUND""]","[""moon-stone""]",[100],"[29, 30, 31]"
32,nidoran-m,"[""poison-point"", ""rivalry""]",hustle,46,57,40,40,40,50,"[""POISON""]",[1],[15],"[32, 33, 34]"
33,nidorino,"[""poison-point"", ""rivalry""]",hustle,61,72,57,55,55,65,"[""POISON""]",[16],"[""moon-stone""]","[32, 33, 34]"
34,nidoking,"[""poison-point"", ""rivalry""]",sheer-force,81,102,77,85,75,85,"[""POISON"", ""GROUND""]","[""moon-stone""]",[100],"[32, 33, 34]"
35,clefairy,"[""cute-charm"", ""magic-guard""]",friend-guard,70,45,48,60,65,35,"[""FAIRY""]",[15],"[""moon-stone""]","[173, 35, 36]"
36,clefable,"[""cute-charm"", ""magic-guard""]",unaware,95,70,73,95,90,60,"[""FAIRY""]","[""moon-stone""]",[100],"[173, 35, 36]"
37,vulpix,"[""flash-fire""]",drought,38,41,40,50,65,65,"[""FIRE""]",[1],"[""fire-stone""]","[37, 38]"
38,ninetales,"[""flash-fire""]",drought,73,76,75,81,100,100,"[""FIRE""]","[""fire-stone""]",[100],"[37, 38]"
39,jigglypuff,"[""cute-charm"", ""competitive""]",friend-guard,115,45,20,45,25,20,"[""NORMAL"", ""FAIRY""]",[15],"[""moon-stone""]","[174, 39, 40]"
40,wigglytuff,"[""cute-charm"", ""competitive""]",frisk,140,70,45,85,50,45,"[""NORMAL"", ""FAIRY""]","[""moon-stone""]",[100],"[174, 39, 40]"
41,zubat,"[""inner-focus""]",infiltrator,40,45,35,30,40,55,"[""POISON"", ""FLYING""]",[1],[21],"[41, 42, 169]"
42,golbat,"[""inner-focus""]",infiltrator,75,80,70,65,75,90,"[""POISON"", ""FLYING""]",[22],[40],"[41, 42, 169]"
43,oddish,"[""chlorophyll""]",run-away,45,50,55,75,65,30,"[""GRASS"", ""POISON""]",[1],[20],"[43, 44, 45, 182]"
44,gloom,"[""chlorophyll""]",stench,60,65,70,85,75,40,"[""GRASS"", ""POISON""]",[21],"[[""leaf-stone""], [""sun-stone""]]","[43, 44, 45, 182]"
45,vileplume,"[""chlorophyll""]",effect-spore,75,80,85,110,90,50,"[""GRASS"", ""POISON""]","[""leaf-stone""]",[100],"[43, 44, 45, 182]"
46,paras,"[""effect-spore"", ""dry-skin""]",damp,35,70,55,45,55,25,"[""BUG"", ""GRASS""]",[1],[23],"[46, 47]"
47,parasect,"[""effect-spore"", ""dry-skin""]",damp,60,95,80,60,80,30,"[""BUG"", ""GRASS""]",[24],[100],"[46, 47]"
48,venonat,"[""compound-eyes"", ""tinted-lens""]",run-away,60,55,50,40,55,45,"[""BUG"", ""POISON""]",[1],[30],"[48, 49]"
49,venomoth,"[""shield-dust"", ""tinted-lens""]",wonder-skin,70,65,60,90,75,90,"[""BUG"", ""POISON""]",[31],[100],"[48, 49]"
50,diglett,"[""sand-veil"", ""arena-trap""]",sand-force,10,55,25,35,45,95,"[""GROUND""]",[1],[25],"[50, 51]"
51,dugtrio,"[""sand-veil"", ""arena-trap""]",sand-force,35,100,50,50,70,120,"[""GROUND""]",[26],[100],"[50, 51]"
52,meowth,"[""pickup"", ""technician""]",unnerve,40,45,35,40,40,90,"[""NORMAL""]",[1],[27],"[52, 53]"
53,persian,"[""limber"", ""technician""]",unnerve,65,70,60,65,65,115,"[""NORMAL""]",[28],[100],"[52, 53]"
54,psyduck,"[""damp"", ""cloud-nine""]",swift-swim,50,52,48,65,50,55,"[""WATER""]",[1],[32],"[54, 55]"
55,golduck,"[""damp"", ""cloud-nine""]",swift-swim,80,82,78,95,80,85,"[""WATER""]",[33],[100],"[54, 55]"
56,mankey,"[""vital-spirit"", ""anger-point""]",defiant,40,80,35,35,45,70,"[""FIGHTING""]",[1],[27],"[56, 57]"
57,primeape,"[""vital-spirit"", ""anger-point""]",defiant,65,105,60,60,70,95,"[""FIGHTING""]",[28],[100],"[56, 57]"
58,growlithe,"[""intimidate"", ""flash-fire""]",justified,55,70,45,70,50,60,"[""FIRE""]",[1],"[""fire-stone""]","[58, 59]"
59,arcanine,"[""intimidate"", ""flash-fire""]",justified,90,110,80,100,80,95,"[""FIRE""]","[""fire-stone""]",[100],"[58, 59]"
60,poliwag,"[""water-absorb"", ""damp""]",swift-swim,40,50,40,40,40,90,"[""WATER""]",[1],[24],"[60, 61, 62, 186]"
61,poliwhirl,"[""water-absorb"", ""damp""]",swift-swim,65,65,65,50,50,90,"[""WATER""]",[25],"[[""water-stone""], [37, ""king's rock""]]","[60, 61, 62, 186]"
62,poliwrath,"[""water-absorb"", ""damp""]",swift-swim,90,95,95,70,90,70,"[""WATER"", ""FIGHTING""]","[""water-stone""]",[100],"[60, 61, 62, 186]"
63,abra,"[""synchronize"", ""inner-focus""]",magic-guard,25,20,15,105,55,90,"[""PSYCHIC""]",[1],[15],"[63, 64, 65]"
64,kadabra,"[""synchronize"", ""inner-focus""]",magic-guard,40,35,30,120,70,105,"[""PSYCHIC""]",[16],"[40, ""linking cord""]","[63, 64, 65]"
65,alakazam,"[""synchronize"", ""inner-focus""]",magic-guard,55,50,45,135,95,120,"[""PSYCHIC""]","[40, ""linking cord""]",[100],"[63, 64, 65]"
66,machop,"[""guts"", ""no-guard""]",steadfast,70,80,50,35,35,35,"[""FIGHTING""]",[1],[27],"[66, 67, 68]"
67,machoke,"[""guts"", ""no-guard""]",steadfast,80,100,70,50,60,45,"[""FIGHTING""]",[28],"[40, ""linking cord""]","[66, 67, 68]"
68,machamp,"[""guts"", ""no-guard""]",steadfast,90,130,80,65,85,55,"[""FIGHTING""]","[40, ""linking cord""]",[100],"[66, 67, 68]"
69,bellsprout,"[""chlorophyll""]",gluttony,50,75,35,70,30,40,"[""GRASS"", ""POISON""]",[1],[20],"[69, 70, 71]"
70,weepinbell,"[""chlorophyll""]",gluttony,65,90,50,85,45,55,"[""GRASS"", ""POISON""]",[21],"[""leaf-stone""]","[69, 70, 71]"
71,victreebel,"[""chlorophyll""]",gluttony,80,105,65,100,70,70,"[""GRASS"", ""POISON""]","[""leaf-stone""]",[100],"[69, 70, 71]"
72,tentacool,"[""clear-body"", ""liquid-ooze""]",rain-dish,40,40,35,50,100,70,"[""WATER"", ""POISON""]",[1],[29],"[72, 73]"
73,tentacruel,"[""clear-body"", ""liquid-ooze""]",rain-dish,80,70,65,80,120,100,"[""WATER"", ""POISON""]",[30],[100],"[72, 73]"
74,geodude,"[""rock-head"", ""sturdy""]",sand-veil,40,80,100,30,30,20,['ROCK'],[1],[24],"[74, 75, 76]"
75,graveler,"[""rock-head"", ""sturdy""]",sand-veil,55,95,115,45,45,35,['ROCK'],[25],"[40, ""linking cord""]","[74, 75, 76]"
76,golem,"[""rock-head"", ""sturdy""]",sand-veil,80,120,130,55,65,45,['ROCK'],"[40, ""linking cord""]",[100],"[74, 75, 76]"
77,ponyta,"[""run-away"", ""flash-fire""]",flame-body,50,85,55,65,65,90,"[""FIRE""]",[1],[39],"[77, 78]"
78,rapidash,"[""run-away"", ""flash-fire""]",flame-body,65,100,70,80,80,105,"[""FIRE""]",[40],[100],"[77, 78]"
79,slowpoke,"[""oblivious"", ""own-tempo""]",regenerator,90,65,65,40,40,15,"[""WATER"", ""PSYCHIC""]",[1],"[[36], [""water stone"", ""king stone""]]","[79, 80, 199]"
80,slowbro,"[""oblivious"", ""own-tempo""]",regenerator,95,75,110,100,80,30,"[""WATER"", ""PSYCHIC""]",[37],[100],"[79, 80, 199]"
81,magnemite,"[""magnet-pull"", ""sturdy""]",analytic,25,35,70,95,55,45,"[""STEEL"", ""ELECTRIC""]",[1],[29],"[81, 82, 263]"
82,magneton,"[""magnet-pull"", ""sturdy""]",analytic,50,60,95,120,70,70,"[""STEEL"", ""ELECTRIC""]",[30],"[""magnet stone""]","[81, 82, 263]"
83,farfetchd,"[""keen-eye"", ""inner-focus""]",defiant,52,90,55,58,62,60,['FLYING'],[1],[100],[83]
84,doduo,"[""run-away"", ""early-bird""]",tangled-feet,35,85,45,35,35,75,['FLYING'],[1],[30],"[84, 85]"
85,dodrio,"[""run-away"", ""early-bird""]",tangled-feet,60,110,70,60,60,110,['FLYING'],[31],[100],"[84, 85]"
86,seel,"[""thick-fat"", ""hydration""]",ice-body,65,45,55,45,70,45,"[""WATER""]",[1],[33],"[86, 87]"
87,dewgong,"[""thick-fat"", ""hydration""]",ice-body,90,70,80,70,95,70,"[""ICE"", ""WATER""]",[34],[100],"[86, 87]"
88,grimer,"[""stench"", ""sticky-hold""]",poison-touch,80,80,50,40,50,25,"[""POISON""]",[1],[37],"[88, 89]"
89,muk,"[""stench"", ""sticky-hold""]",poison-touch,105,105,75,65,100,50,"[""POISON""]",[38],[100],"[88, 89]"
90,shellder,"[""shell-armor"", ""skill-link""]",overcoat,30,65,100,45,25,40,"[""WATER""]",[1],"[""water-stone""]","[90, 91]"
91,cloyster,"[""shell-armor"", ""skill-link""]",overcoat,50,95,180,85,45,70,"[""WATER"", ""ICE""]","[""water-stone""]",[100],"[90, 91]"
92,gastly,"[""levitate""]",,30,35,30,100,35,80,['GHOST'],[1],[24],"[92, 93, 94]"
93,haunter,"[""levitate""]",,45,50,45,115,55,95,['GHOST'],[25],"[40, ""linking cord""]","[92, 93, 94]"
94,gengar,"[""cursed-body""]",,60,65,60,130,75,110,['GHOST'],"[40, ""linking cord""]",[100],"[92, 93, 94]"
95,onix,"[""rock-head"", ""sturdy""]",weak-armor,35,45,160,30,45,70,['ROCK'],[1],"[40, ""metal coat""]","[95, 208]"
96,drowzee,"[""insomnia"", ""forewarn""]",inner-focus,60,48,45,43,90,42,"[""PSYCHIC""]",[1],[25],"[96, 97]"
97,hypno,"[""insomnia"", ""forewarn""]",inner-focus,85,73,70,73,115,67,"[""PSYCHIC""]",[26],[100],"[96, 97]"
98,krabby,"[""hyper-cutter"", ""shell-armor""]",sheer-force,30,105,90,25,25,50,"[""WATER""]",[1],[27],"[98, 99]"
99,kingler,"[""hyper-cutter"", ""shell-armor""]",sheer-force,55,130,115,50,50,75,"[""WATER""]",[28],[100],"[98, 99]"
100,voltorb,"[""soundproof"", ""static""]",aftermath,40,30,50,55,55,100,"[""ELECTRIC""]",[1],[29],"[100, 101]"
101,electrode,"[""soundproof"", ""static""]",aftermath,60,50,70,80,80,150,"[""ELECTRIC""]",[30],[100],"[100, 101]"
102,exeggcute,"[""chlorophyll""]",harvest,60,40,80,60,45,40,"[""GRASS"", ""PSYCHIC""]",[1],"[""leaf-stone""]","[102, 103]"
103,exeggutor,"[""chlorophyll""]",harvest,95,95,85,125,75,55,"[""GRASS"", ""PSYCHIC""]","[""leaf-stone""]",[100],"[102, 103]"
104,cubone,"[""rock-head"", ""lightning-rod""]",battle-armor,50,50,95,40,50,35,"[""GROUND""]",[1],[27],"[104, 105]"
105,marowak,"[""rock-head"", ""lightning-rod""]",battle-armor,60,80,110,50,80,45,"[""GROUND""]",[28],[100],"[104, 105]"
106,hitmonlee,"[""limber"", ""reckless""]",unburden,50,120,53,35,110,87,"[""FIGHTING""]","[20, ""relative_physical_stats""]",[100],"[236, 106, 107, 237]"
107,hitmonchan,"[""keen-eye"", ""iron-fist""]",inner-focus,50,105,79,35,110,76,"[""FIGHTING""]","[20, ""relative_physical_stats""]",[100],"[236, 106, 107, 237]"
108,lickitung,"[""own-tempo"", ""oblivious""]",cloud-nine,90,55,75,60,75,30,"[""NORMAL""]",[1],"[""rollout""]","[108, 264]"
109,koffing,"[""levitate"", ""neutralizing-gas""]",stench,40,65,95,60,45,35,"[""POISON""]",[1],[34],"[109, 110]"
110,weezing,"[""levitate"", ""neutralizing-gas""]",stench,65,90,120,85,70,60,"[""POISON""]",[35],[100],"[109, 110]"
111,rhyhorn,"[""lightning-rod"", ""rock-head""]",reckless,80,85,95,30,30,25,"[""GROUND"", ""ROCK""]",[1],[41],"[111, 112, 265]"
112,rhydon,"[""lightning-rod"", ""rock-head""]",reckless,105,130,120,45,45,40,"[""GROUND"", ""ROCK""]",[42],"[55, ""protector""]","[111, 112, 265]"
113,chansey,"[""natural-cure"", ""serene-grace""]",healer,250,5,5,35,105,50,"[""NORMAL""]","[""oval-stone""]",[42],"[259, 113, 242]"
114,tangela,"[""chlorophyll"", ""leaf-guard""]",regenerator,65,55,115,100,40,60,"[""GRASS""]",[1],"[""ancient-power""]","[114, 266]"
115,kangaskhan,"[""early-bird"", ""scrappy""]",inner-focus,105,95,80,40,80,90,"[""NORMAL""]",[1],[100],[115]
116,horsea,"[""swift-swim"", ""sniper""]",damp,30,40,70,70,25,60,"[""WATER""]",[1],[31],"[116, 117, 230]"
117,seadra,"[""poison-point"", ""sniper""]",damp,55,65,95,95,45,85,"[""WATER""]",[32],"[50, ""dragon scale""]","[116, 117, 230]"
118,goldeen,"[""swift-swim"", ""water-veil""]",lightning-rod,45,67,60,35,50,63,"[""WATER""]",[1],[32],"[118, 119]"
119,seaking,"[""swift-swim"", ""water-veil""]",lightning-rod,80,92,65,65,80,68,"[""WATER""]",[33],[100],"[118, 119]"
120,staryu,"[""illuminate"", ""natural-cure""]",analytic,30,45,55,70,55,85,"[""WATER""]",[1],"[""water-stone""]","[120, 121]"
121,starmie,"[""illuminate"", ""natural-cure""]",analytic,60,75,85,100,85,115,"[""WATER"", ""PSYCHIC""]","[""water-stone""]",[100],"[120, 121]"
122,mr-mime,"[""soundproof"", ""filter""]",technician,40,45,65,100,120,90,"[""PSYCHIC"", ""FAIRY""]","[""mimic""]",[100],"[258, 122]"
123,scyther,"[""swarm"", ""technician""]",steadfast,70,110,80,55,80,105,['BUG'],[1],"[40, ""metal coat""]","[123, 212]"
124,jynx,"[""oblivious"", ""forewarn""]",dry-skin,65,50,35,115,95,95,"[""ICE"", ""PSYCHIC""]",[30],[100],"[238, 124]"
125,electabuzz,"[""static""]",vital-spirit,65,83,57,95,85,105,"[""ELECTRIC""]",[25],"[50, ""electirizer""]","[239, 125, 267]"
126,magmar,"[""flame-body""]",vital-spirit,65,95,57,100,85,93,"[""FIRE""]",[25],"[50, ""magmarizer""]","[240, 126, 268]"
127,pinsir,"[""hyper-cutter"", ""mold-breaker""]",moxie,65,125,100,55,70,85,"[""BUG""]",[1],[100],[127]
128,tauros,"[""intimidate"", ""anger-point""]",sheer-force,75,100,95,40,70,110,"[""NORMAL""]",[1],[100],[128]
129,magikarp,"[""swift-swim""]",rattled,20,10,55,15,20,80,"[""WATER""]",[1],[19],"[129, 130]"
130,gyarados,"[""intimidate""]",moxie,95,125,79,60,100,81,['WATER'],[20],[100],"[129, 130]"
131,lapras,"[""water-absorb"", ""shell-armor""]",hydration,130,85,80,85,95,60,"[""WATER"", ""ICE""]",[1],[100],[131]
132,ditto,"[""limber""]",imposter,48,48,48,48,48,48,"[""NORMAL""]",[1],[100],[132]
133,eevee,"[""run-away"", ""adaptability""]",anticipation,55,55,50,45,65,55,"[""NORMAL""]",[1],"[[""water-stone""], [""thunder-stone""], [""fire-stone""], [""sun stone""], [""moon stone""], [""leaf stone""], [""ice stone""], [""shiny stone""]]","[133, 134, 135, 136, 196, 197, 271, 272, 339]"
134,vaporeon,"[""water-absorb""]",hydration,130,65,60,110,95,65,"[""WATER""]","[""water-stone""]",[100],"[133, 134, 135, 136, 196, 197, 271, 272, 339]"
135,jolteon,"[""volt-absorb""]",quick-feet,65,65,60,110,95,130,"[""ELECTRIC""]","[""thunder-stone""]",[100],"[133, 134, 135, 136, 196, 197, 271, 272, 339]"
136,flareon,"[""flash-fire""]",guts,65,130,60,95,110,65,"[""FIRE""]","[""fire-stone""]",[100],"[133, 134, 135, 136, 196, 197, 271, 272, 339]"
137,porygon,"[""trace"", ""download""]",analytic,65,60,70,85,75,40,"[""NORMAL""]",[1],"[""upgrade""]","[137, 233, 275]"
138,omanyte,"[""swift-swim"", ""shell-armor""]",weak-armor,35,40,100,90,55,35,"[""WATER"", ""ROCK""]",[1],[39],"[138, 139]"
139,omastar,"[""swift-swim"", ""shell-armor""]",weak-armor,70,60,125,115,70,55,"[""WATER"", ""ROCK""]",[40],[100],"[138, 139]"
140,kabuto,"[""swift-swim"", ""battle-armor""]",weak-armor,30,80,90,55,45,55,"[""ROCK"", ""WATER""]",[1],[39],"[140, 141]"
141,kabutops,"[""swift-swim"", ""battle-armor""]",weak-armor,60,115,105,65,70,80,"[""ROCK"", ""WATER""]",[40],[100],"[140, 141]"
142,aerodactyl,"[""rock-head"", ""pressure""]",unnerve,80,105,65,60,75,130,"[""ROCK"", ""FLYING""]",[1],[100],[142]
143,snorlax,"[""immunity"", ""thick-fat""]",gluttony,160,110,65,65,110,30,"[""NORMAL""]",[30],[100],"[260, 143]"
144,articuno,"[""pressure""]",snow-cloak,90,85,100,95,125,85,['ICE'],[1],[100],[144]
145,zapdos,"[""pressure""]",static,90,90,85,125,90,100,['ELECTRIC'],[1],[100],[145]
146,moltres,"[""pressure""]",flame-body,90,100,90,125,85,90,['FIRE'],[1],[100],[146]
147,dratini,"[""shed-skin""]",marvel-scale,41,64,45,50,50,50,"[""DRAGON""]",[1],[29],"[147, 148, 149]"
148,dragonair,"[""shed-skin""]",marvel-scale,61,84,65,70,70,70,"[""DRAGON""]",[30],[54],"[147, 148, 149]"
149,dragonite,"[""inner-focus""]",multiscale,91,134,95,100,100,80,['DRAGON'],[55],[100],"[147, 148, 149]"
150,mewtwo,"[""pressure""]",unnerve,106,110,90,154,90,130,"[""PSYCHIC""]",[1],[100],[150]
151,mew,"[""synchronize""]",,100,100,100,100,100,100,"[""PSYCHIC""]",[1],[100],[151]
152,chikorita,"[""overgrow""]",leaf-guard,45,49,65,49,65,45,"[""GRASS""]",[1],[15],"[152, 153, 154]"
153,bayleef,"[""overgrow""]",leaf-guard,60,62,80,63,80,60,"[""GRASS""]",[16],[31],"[152, 153, 154]"
154,meganium,"[""overgrow""]",leaf-guard,80,82,100,83,100,80,"[""GRASS""]",[32],[100],"[152, 153, 154]"
155,cyndaquil,"[""blaze""]",flash-fire,39,52,43,60,50,65,"[""FIRE""]",[1],[13],"[155, 156, 157]"
156,quilava,"[""blaze""]",flash-fire,58,64,58,80,65,80,"[""FIRE""]",[14],[35],"[155, 156, 157]"
157,typhlosion,"[""blaze""]",flash-fire,78,84,78,109,85,100,"[""FIRE""]",[36],[100],"[155, 156, 157]"
158,totodile,"[""torrent""]",sheer-force,50,65,64,44,48,43,"[""WATER""]",[1],[17],"[158, 159, 160]"
159,croconaw,"[""torrent""]",sheer-force,65,80,80,59,63,58,"[""WATER""]",[18],[29],"[158, 159, 160]"
160,feraligatr,"[""torrent""]",sheer-force,85,105,100,79,83,78,"[""WATER""]",[30],[100],"[158, 159, 160]"
161,sentret,"[""run-away"", ""keen-eye""]",frisk,35,46,34,35,45,20,"[""NORMAL""]",[1],[14],"[161, 162]"
162,furret,"[""run-away"", ""keen-eye""]",frisk,85,76,64,45,55,90,"[""NORMAL""]",[15],[100],"[161, 162]"
163,hoothoot,"[""insomnia"", ""keen-eye""]",tinted-lens,60,30,30,36,56,50,['FLYING'],[1],[19],"[163, 164]"
164,noctowl,"[""insomnia"", ""keen-eye""]",tinted-lens,100,50,50,86,96,70,['FLYING'],[20],[100],"[163, 164]"
165,ledyba,"[""swarm"", ""early-bird""]",rattled,40,20,30,40,80,55,"[""BUG"", ""FLYING""]",[1],[17],"[165, 166]"
166,ledian,"[""swarm"", ""early-bird""]",iron-fist,55,35,50,55,110,85,"[""BUG"", ""FLYING""]",[18],[100],"[165, 166]"
167,spinarak,"[""swarm"", ""insomnia""]",sniper,40,60,40,40,40,30,"[""BUG"", ""POISON""]",[1],[21],"[167, 168]"
168,ariados,"[""swarm"", ""insomnia""]",sniper,70,90,70,60,70,40,"[""BUG"", ""POISON""]",[22],[100],"[167, 168]"
169,crobat,"[""inner-focus""]",infiltrator,85,90,80,70,80,130,"[""POISON"", ""FLYING""]",[40],[100],"[41, 42, 169]"
170,chinchou,"[""volt-absorb"", ""illuminate""]",water-absorb,75,38,38,56,56,67,"[""WATER"", ""ELECTRIC""]",[1],[26],"[170, 171]"
171,lanturn,"[""volt-absorb"", ""illuminate""]",water-absorb,125,58,58,76,76,67,"[""WATER"", ""ELECTRIC""]",[27],[100],"[170, 171]"
172,pichu,"[""static""]",lightning-rod,20,40,15,35,35,60,"[""ELECTRIC""]",[1],[15],"[172, 25, 26]"
173,cleffa,"[""cute-charm"", ""magic-guard""]",friend-guard,50,25,28,45,55,15,"[""FAIRY""]",[1],[15],"[173, 35, 36]"
174,igglybuff,"[""cute-charm"", ""competitive""]",friend-guard,90,30,15,40,20,15,"[""NORMAL"", ""FAIRY""]",[1],[15],"[174, 39, 40]"
175,togepi,"[""hustle"", ""serene-grace""]",super-luck,35,20,65,40,65,20,"[""FAIRY""]",[1],[15],"[175, 176, 269]"
176,togetic,"[""hustle"", ""serene-grace""]",super-luck,55,40,85,80,105,40,"[""FAIRY"", ""FLYING""]",[15],"[""shiny-stone""]","[175, 176, 269]"
177,natu,"[""synchronize"", ""early-bird""]",magic-bounce,40,50,45,70,45,70,"[""PSYCHIC"", ""FLYING""]",[1],[24],"[177, 178]"
178,xatu,"[""synchronize"", ""early-bird""]",magic-bounce,65,75,70,95,70,95,"[""PSYCHIC"", ""FLYING""]",[25],[100],"[177, 178]"
179,mareep,"[""static""]",plus,55,40,40,65,45,35,"[""ELECTRIC""]",[1],[14],"[179, 180, 181]"
180,flaaffy,"[""static""]",plus,70,55,55,80,60,45,"[""ELECTRIC""]",[15],[29],"[179, 180, 181]"
181,ampharos,"[""static""]",plus,90,75,85,115,90,55,"[""ELECTRIC""]",[30],[100],"[179, 180, 181]"
182,bellossom,"[""chlorophyll""]",healer,75,80,95,90,100,50,"[""GRASS""]","[""sun-stone""]",[100],"[43, 44, 45, 182]"
183,marill,"[""thick-fat"", ""huge-power""]",sap-sipper,70,20,50,20,50,40,"[""WATER"", ""FAIRY""]",[15],[17],"[252, 183, 184]"
184,azumarill,"[""thick-fat"", ""huge-power""]",sap-sipper,100,50,80,60,80,50,"[""WATER"", ""FAIRY""]",[18],[100],"[252, 183, 184]"
185,sudowoodo,"[""sturdy"", ""rock-head""]",rattled,70,100,115,30,65,30,"[""ROCK""]","[""mimic""]",[100],"[257, 185]"
186,politoed,"[""water-absorb"", ""damp""]",drizzle,90,75,75,90,100,70,"[""WATER""]","[37, ""king's rock""]",[100],"[60, 61, 62, 186]"
187,hoppip,"[""chlorophyll"", ""leaf-guard""]",infiltrator,35,35,40,35,55,50,"[""GRASS"", ""FLYING""]",[1],[17],"[187, 188, 189]"
188,skiploom,"[""chlorophyll"", ""leaf-guard""]",infiltrator,55,45,50,45,65,80,"[""GRASS"", ""FLYING""]",[18],[26],"[187, 188, 189]"
189,jumpluff,"[""chlorophyll"", ""leaf-guard""]",infiltrator,75,55,70,55,95,110,"[""GRASS"", ""FLYING""]",[27],[100],"[187, 188, 189]"
190,aipom,"[""run-away"", ""pickup""]",skill-link,55,70,55,40,55,85,"[""NORMAL""]",[1],"[""double-hit""]","[190, 254]"
191,sunkern,"[""chlorophyll"", ""solar-power""]",early-bird,30,30,30,30,30,30,"[""GRASS""]",[1],"[""sun-stone""]","[191, 192]"
192,sunflora,"[""chlorophyll"", ""solar-power""]",early-bird,75,75,55,105,85,30,"[""GRASS""]","[""sun-stone""]",[100],"[191, 192]"
193,yanma,"[""speed-boost"", ""compound-eyes""]",frisk,65,65,45,75,45,95,"[""BUG"", ""FLYING""]",[1],"[""ancient-power""]","[193, 270]"
194,wooper,"[""damp"", ""water-absorb""]",unaware,55,45,45,25,25,15,"[""WATER"", ""GROUND""]",[1],[19],"[194, 195]"
195,quagsire,"[""damp"", ""water-absorb""]",unaware,95,85,85,65,65,35,"[""WATER"", ""GROUND""]",[20],[100],"[194, 195]"
196,espeon,"[""synchronize""]",magic-bounce,65,65,60,130,95,110,"[""PSYCHIC""]","[""sun stone""]",[100],"[133, 134, 135, 136, 196, 197, 271, 272, 339]"
197,umbreon,"[""synchronize""]",inner-focus,95,65,110,60,130,65,"[""DARK""]","[""moon stone""]",[100],"[133, 134, 135, 136, 196, 197, 271, 272, 339]"
198,murkrow,"[""insomnia"", ""super-luck""]",prankster,60,85,42,85,42,91,"[""DARK"", ""FLYING""]",[1],"[""dusk-stone""]","[198, 256]"
199,slowking,"[""oblivious"", ""own-tempo""]",regenerator,95,75,80,100,110,30,"[""WATER"", ""PSYCHIC""]","[""water stone"", ""king stone""]",[100],"[79, 80, 199]"
200,misdreavus,"[""levitate""]",,60,60,60,85,85,85,"[""GHOST""]",[1],"[""dusk-stone""]","[200, 255]"
201,unown,"[""levitate""]",,48,72,48,72,48,48,"[""PSYCHIC""]",[1],[100],[201]
202,wobbuffet,"[""shadow-tag""]",telepathy,190,33,58,33,58,33,"[""PSYCHIC""]",[15],[100],"[253, 202]"
203,girafarig,"[""inner-focus"", ""early-bird""]",sap-sipper,70,80,65,90,65,85,"[""NORMAL"", ""PSYCHIC""]",[1],[100],[203]
204,pineco,"[""sturdy""]",overcoat,50,65,90,35,35,15,"[""BUG""]",[1],[30],"[204, 205]"
205,forretress,"[""sturdy""]",overcoat,75,90,140,60,60,40,"[""BUG"", ""STEEL""]",[31],[100],"[204, 205]"
206,dunsparce,"[""serene-grace"", ""run-away""]",rattled,100,70,70,65,65,45,"[""NORMAL""]",[1],[100],[206]
207,gligar,"[""hyper-cutter"", ""sand-veil""]",immunity,65,75,105,35,65,85,"[""GROUND"", ""FLYING""]",[1],"[""dusk stone""]","[207, 273]"
208,steelix,"[""rock-head"", ""sturdy""]",sheer-force,75,85,200,55,65,30,['STEEL'],"[40, ""metal coat""]",[100],"[95, 208]"
209,snubbull,"[""intimidate"", ""run-away""]",rattled,60,80,50,40,40,30,"[""FAIRY""]",[1],[22],"[209, 210]"
210,granbull,"[""intimidate"", ""quick-feet""]",rattled,90,120,75,60,60,45,"[""FAIRY""]",[23],[100],"[209, 210]"
211,qwilfish,"[""poison-point"", ""swift-swim""]",intimidate,65,95,85,55,55,85,"[""WATER"", ""POISON""]",[1],[100],[211]
212,scizor,"[""swarm"", ""technician""]",light-metal,70,130,100,55,80,65,"[""STEEL"", ""BUG""]","[40, ""metal coat""]",[100],"[123, 212]"
213,shuckle,"[""sturdy"", ""gluttony""]",contrary,20,10,230,10,230,5,"[""BUG"", ""ROCK""]",[1],[100],[213]
214,heracross,"[""swarm"", ""guts""]",moxie,80,125,75,40,95,85,"[""BUG"", ""FIGHTING""]",[1],[100],[214]
215,sneasel,"[""inner-focus"", ""keen-eye""]",pickpocket,55,95,55,35,75,115,"[""DARK"", ""ICE""]",[1],"[""ice stone""]","[215, 262]"
216,teddiursa,"[""pickup"", ""quick-feet""]",honey-gather,60,80,50,50,50,40,"[""NORMAL""]",[1],[29],"[216, 217]"
217,ursaring,"[""guts"", ""quick-feet""]",unnerve,90,130,75,75,75,55,"[""NORMAL""]",[30],[100],"[216, 217]"
218,slugma,"[""magma-armor"", ""flame-body""]",weak-armor,40,40,40,70,40,20,"[""FIRE""]",[1],[37],"[218, 219]"
219,magcargo,"[""magma-armor"", ""flame-body""]",weak-armor,60,50,120,90,80,30,"[""FIRE"", ""ROCK""]",[38],[100],"[218, 219]"
220,swinub,"[""oblivious"", ""snow-cloak""]",thick-fat,50,50,40,30,30,50,"[""ICE"", ""GROUND""]",[1],[32],"[220, 221, 274]"
221,piloswine,"[""oblivious"", ""snow-cloak""]",thick-fat,100,100,80,60,60,50,"[""ICE"", ""GROUND""]",[33],"[""ancient-power""]","[220, 221, 274]"
222,corsola,"[""hustle"", ""natural-cure""]",regenerator,65,55,95,65,95,35,"[""WATER"", ""ROCK""]",[1],[100],[222]
223,remoraid,"[""hustle"", ""sniper""]",moody,35,65,35,65,35,65,"[""WATER""]",[1],[24],"[223, 224]"
224,octillery,"[""suction-cups"", ""sniper""]",moody,75,105,75,105,75,45,"[""WATER""]",[25],[100],"[223, 224]"
225,delibird,"[""vital-spirit"", ""hustle""]",insomnia,45,55,45,65,45,75,"[""ICE"", ""FLYING""]",[1],[100],[225]
226,mantine,"[""swift-swim"", ""water-absorb""]",water-veil,85,40,70,80,140,70,"[""WATER"", ""FLYING""]",[21],[100],"[261, 226]"
227,skarmory,"[""keen-eye"", ""sturdy""]",weak-armor,65,80,140,40,70,70,"[""STEEL"", ""FLYING""]",[1],[100],[227]
228,houndour,"[""early-bird"", ""flash-fire""]",unnerve,45,60,30,80,50,65,"[""DARK"", ""FIRE""]",[1],[23],"[228, 229]"
229,houndoom,"[""early-bird"", ""flash-fire""]",unnerve,75,90,50,110,80,95,"[""DARK"", ""FIRE""]",[24],[100],"[228, 229]"
230,kingdra,"[""swift-swim"", ""sniper""]",damp,75,95,95,95,95,85,"[""WATER"", ""DRAGON""]","[50, ""dragon scale""]",[100],"[116, 117, 230]"
231,phanpy,"[""pickup""]",sand-veil,90,60,60,40,40,40,"[""GROUND""]",[1],[24],"[231, 232]"
232,donphan,"[""sturdy""]",sand-veil,90,120,120,60,60,50,"[""GROUND""]",[25],[100],"[231, 232]"
233,porygon2,"[""trace"", ""download""]",analytic,85,80,90,105,95,60,"[""NORMAL""]","[""upgrade""]","[""dubious disc""]","[137, 233, 275]"
234,stantler,"[""intimidate"", ""frisk""]",sap-sipper,73,95,62,85,65,85,"[""NORMAL""]",[1],[100],[234]
235,smeargle,"[""own-tempo"", ""technician""]",moody,55,20,35,20,45,75,"[""NORMAL""]",[1],[100],[235]
236,tyrogue,"[""guts"", ""steadfast""]",vital-spirit,35,35,35,35,35,35,"[""FIGHTING""]",[1],"[[19, ""relative_physical_stats""], [19, ""relative_physical_stats""], [19]]","[236, 106, 107, 237]"
237,hitmontop,"[""intimidate"", ""technician""]",steadfast,50,95,95,35,110,70,"[""FIGHTING""]",[20],[100],"[236, 106, 107, 237]"
238,smoochum,"[""oblivious"", ""forewarn""]",hydration,45,30,15,85,65,65,"[""ICE"", ""PSYCHIC""]",[1],[29],"[238, 124]"
239,elekid,"[""static""]",vital-spirit,45,63,37,65,55,95,"[""ELECTRIC""]",[1],[25],"[239, 125, 267]"
240,magby,"[""flame-body""]",vital-spirit,45,75,37,70,55,83,"[""FIRE""]",[1],[25],"[240, 126, 268]"
241,miltank,"[""thick-fat"", ""scrappy""]",sap-sipper,95,80,105,40,70,100,"[""NORMAL""]",[1],[100],[241]
242,blissey,"[""natural-cure"", ""serene-grace""]",healer,255,10,10,75,135,55,"[""NORMAL""]",[42],[100],"[259, 113, 242]"
243,raikou,"[""pressure""]",inner-focus,90,85,75,115,100,115,"[""ELECTRIC""]",[1],[100],[243]
244,entei,"[""pressure""]",inner-focus,115,115,85,90,75,100,"[""FIRE""]",[1],[100],[244]
245,suicune,"[""pressure""]",inner-focus,100,75,115,90,115,85,"[""WATER""]",[1],[100],[245]
246,larvitar,"[""guts""]",sand-veil,50,64,50,45,50,41,"[""ROCK"", ""GROUND""]",[1],[29],"[246, 247, 248]"
247,pupitar,"[""shed-skin""]",,70,84,70,65,70,51,"[""ROCK"", ""GROUND""]",[30],[54],"[246, 247, 248]"
248,tyranitar,"[""sand-stream""]",unnerve,100,134,110,95,100,61,"[""ROCK"", ""DARK""]",[55],[100],"[246, 247, 248]"
249,lugia,"[""pressure""]",multiscale,106,90,130,90,154,110,"[""PSYCHIC"", ""FLYING""]",[1],[100],[249]
250,ho-oh,"[""pressure""]",regenerator,106,130,90,110,154,90,"[""FIRE"", ""FLYING""]",[1],[100],[250]
251,celebi,"[""natural-cure""]",,100,100,100,100,100,100,"[""GRASS"", ""PSYCHIC""]",[1],[100],[251]
252,azurill,"[""thick-fat"", ""huge-power""]",sap-sipper,50,20,40,20,40,20,"[""NORMAL"", ""FAIRY""]",[1],[15],"[252, 183, 184]"
253,wynaut,"[""shadow-tag""]",telepathy,95,23,48,23,48,23,"[""PSYCHIC""]",[1],[15],"[253, 202]"
254,ambipom,"[""technician"", ""pickup""]",skill-link,75,100,66,60,66,115,"[""NORMAL""]","[""double-hit""]",[100],"[190, 254]"
255,mismagius,"[""levitate""]",,60,60,60,105,105,105,"[""GHOST""]","[""dusk-stone""]",[100],"[200, 255]"
256,honchkrow,"[""insomnia"", ""super-luck""]",moxie,100,125,52,105,52,71,"[""DARK"", ""FLYING""]","[""dusk-stone""]",[100],"[198, 256]"
257,bonsly,"[""sturdy"", ""rock-head""]",rattled,50,80,95,10,45,10,"[""ROCK""]",[1],"[""mimic""]","[257, 185]"
258,mime-jr,"[""soundproof"", ""filter""]",technician,20,25,45,70,90,60,"[""PSYCHIC"", ""FAIRY""]",[1],"[""mimic""]","[258, 122]"
259,happiny,"[""natural-cure"", ""serene-grace""]",friend-guard,100,5,5,15,65,30,"[""NORMAL""]",[1],"[""oval-stone""]","[259, 113, 242]"
260,munchlax,"[""pickup"", ""thick-fat""]",gluttony,135,85,40,40,85,5,"[""NORMAL""]",[1],[30],"[260, 143]"
261,mantyke,"[""swift-swim"", ""water-absorb""]",water-veil,45,20,50,60,120,50,"[""WATER"", ""FLYING""]",[1],[21],"[261, 226]"
262,weavile,"[""pressure""]",pickpocket,70,120,65,45,85,125,"[""DARK"", ""ICE""]","[""ice stone""]",[100],"[215, 262]"
263,magnezone,"[""magnet-pull"", ""sturdy""]",analytic,70,70,115,130,90,60,"[""STEEL"", ""ELECTRIC""]","[""magnet stone""]",[100],"[81, 82, 263]"
264,lickilicky,"[""own-tempo"", ""oblivious""]",cloud-nine,110,85,95,80,95,50,"[""NORMAL""]","[""rollout""]",[100],"[108, 264]"
265,rhyperior,"[""lightning-rod"", ""solid-rock""]",reckless,115,140,130,55,55,40,"[""GROUND"", ""ROCK""]","[55, ""protector""]",[100],"[111, 112, 265]"
266,tangrowth,"[""chlorophyll"", ""leaf-guard""]",regenerator,100,100,125,110,50,50,"[""GRASS""]","[""ancient-power""]",[100],"[114, 266]"
267,electivire,"[""motor-drive""]",vital-spirit,75,123,67,95,85,95,"[""ELECTRIC""]","[50, ""electirizer""]",[100],"[239, 125, 267]"
268,magmortar,"[""flame-body""]",vital-spirit,75,95,67,125,95,83,"[""FIRE""]","[50, ""magmarizer""]",[100],"[240, 126, 268]"
269,togekiss,"[""hustle"", ""serene-grace""]",super-luck,85,50,95,120,115,80,"[""FAIRY"", ""FLYING""]","[""shiny-stone""]",[100],"[175, 176, 269]"
270,yanmega,"[""speed-boost"", ""tinted-lens""]",frisk,86,76,86,116,56,95,"[""BUG"", ""FLYING""]","[""ancient-power""]",[100],"[193, 270]"
271,leafeon,"[""leaf-guard""]",chlorophyll,65,110,130,60,65,95,"[""GRASS""]","[""leaf stone""]",[100],"[133, 134, 135, 136, 196, 197, 271, 272, 339]"
272,glaceon,"[""snow-cloak""]",ice-body,65,60,110,130,95,65,"[""ICE""]","[""ice stone""]",[100],"[133, 134, 135, 136, 196, 197, 271, 272, 339]"
273,gliscor,"[""hyper-cutter"", ""sand-veil""]",poison-heal,75,95,125,45,75,95,"[""GROUND"", ""FLYING""]","[""dusk stone""]",[100],"[207, 273]"
274,mamoswine,"[""oblivious"", ""snow-cloak""]",thick-fat,110,130,80,70,60,80,"[""ICE"", ""GROUND""]","[""ancient-power""]",[100],"[220, 221, 274]"
275,porygon-z,"[""adaptability"", ""download""]",analytic,85,80,70,135,75,90,"[""NORMAL""]","[""dubious disc""]",[100],"[137, 233, 275]"
276,treecko,"[""overgrow""]",unburden,40,45,35,65,55,70,"[""GRASS""]",[1],[15],"[276, 277, 278]"
277,grovyle,"[""overgrow""]",unburden,50,65,45,85,65,95,"[""GRASS""]",[16],[35],"[276, 277, 278]"
278,sceptile,"[""overgrow""]",unburden,70,85,65,105,85,120,"[""GRASS""]",[36],[100],"[276, 277, 278]"
279,torchic,"[""blaze""]",speed-boost,45,60,40,70,50,45,"[""FIRE""]",[1],[15],"[279, 280, 281]"
280,combusken,"[""blaze""]",speed-boost,60,85,60,85,60,55,"[""FIRE"", ""FIGHTING""]",[16],[35],"[279, 280, 281]"
281,blaziken,"[""blaze""]",speed-boost,80,120,70,110,70,80,"[""FIRE"", ""FIGHTING""]",[36],[100],"[279, 280, 281]"
282,mudkip,"[""torrent""]",damp,50,70,50,50,50,40,"[""WATER""]",[1],[15],"[282, 283, 284]"
283,marshtomp,"[""torrent""]",damp,70,85,70,60,70,50,"[""WATER"", ""GROUND""]",[16],[35],"[282, 283, 284]"
284,swampert,"[""torrent""]",damp,100,110,90,85,90,60,"[""WATER"", ""GROUND""]",[36],[100],"[282, 283, 284]"
285,ralts,"[""synchronize"", ""trace""]",telepathy,28,25,25,45,35,40,"[""PSYCHIC"", ""FAIRY""]",[1],[19],"[285, 286, 287, 288]"
286,kirlia,"[""synchronize"", ""trace""]",telepathy,38,35,35,65,55,50,"[""PSYCHIC"", ""FAIRY""]",[20],"[[29], [""male"", ""dawn-stone""]]","[285, 286, 287, 288]"
287,gardevoir,"[""synchronize"", ""trace""]",telepathy,68,65,65,125,115,80,"[""PSYCHIC"", ""FAIRY""]",[30],[100],"[285, 286, 287, 288]"
288,gallade,"[""steadfast"", ""sharpness""]",justified,68,125,65,65,115,80,"[""PSYCHIC"", ""FIGHTING""]","[""male"", ""dawn-stone""]",[100],"[285, 286, 287, 288]"
289,shedinja,"[""wonder-guard""]",,1,90,45,30,30,40,"[""BUG"", ""GHOST""]","[""shed""]",[100],"[382, 356, 289]"
290,kecleon,"[""color-change""]",protean,60,90,70,60,120,40,"[""NORMAL""]",[1],[100],[290]
291,beldum,"[""clear-body""]",light-metal,40,55,80,35,60,30,"[""STEEL"", ""PSYCHIC""]",[1],[19],"[291, 292, 293]"
292,metang,"[""clear-body""]",light-metal,60,75,100,55,80,50,"[""STEEL"", ""PSYCHIC""]",[20],[44],"[291, 292, 293]"
293,metagross,"[""clear-body""]",light-metal,80,135,130,95,90,70,"[""STEEL"", ""PSYCHIC""]",[45],[100],"[291, 292, 293]"
294,bidoof,"[""simple"", ""unaware""]",moody,59,45,40,35,40,31,"[""NORMAL""]",[1],[14],"[294, 383]"
295,spiritomb,"[""pressure""]",infiltrator,50,92,108,92,108,35,"[""DARK"", ""GHOST""]",[1],[100],[295]
296,lucario,"[""steadfast"", ""inner-focus""]",justified,70,110,70,115,70,90,"[""FIGHTING"", ""STEEL""]",[30],[100],"[384, 296]"
297,gible,"[""sand-veil""]",rough-skin,58,70,45,40,45,42,"[""DRAGON"", ""GROUND""]",[1],[23],"[297, 298, 299]"
298,gabite,"[""sand-veil""]",rough-skin,68,90,65,50,55,82,"[""DRAGON"", ""GROUND""]",[24],[47],"[297, 298, 299]"
299,garchomp,"[""sand-veil""]",rough-skin,108,130,95,80,85,102,"[""DRAGON"", ""GROUND""]",[48],[100],"[297, 298, 299]"
300,mawile,"[""hyper-cutter"", ""intimidate""]",sheer-force,50,85,85,55,55,50,"[""STEEL"", ""FAIRY""]",[1],[100],[300]
301,lileep,"[""suction-cups""]",storm-drain,66,41,77,61,87,23,"[""ROCK"", ""GRASS""]",[1],[39],"[301, 302]"
302,cradily,"[""suction-cups""]",storm-drain,86,81,97,81,107,43,"[""ROCK"", ""GRASS""]",[40],[100],"[301, 302]"
303,anorith,"[""battle-armor""]",swift-swim,45,95,50,40,50,75,"[""ROCK"", ""BUG""]",[1],[39],"[303, 304]"
304,armaldo,"[""battle-armor""]",swift-swim,75,125,100,70,80,45,"[""ROCK"", ""BUG""]",[40],[100],"[303, 304]"
305,cranidos,"[""mold-breaker""]",sheer-force,67,125,40,30,30,58,"[""ROCK""]",[1],[29],"[305, 306]"
306,rampardos,"[""mold-breaker""]",sheer-force,97,165,60,65,50,58,"[""ROCK""]",[30],[100],"[305, 306]"
307,shieldon,"[""sturdy""]",soundproof,30,42,118,42,88,30,"[""ROCK"", ""STEEL""]",[1],[29],"[307, 308]"
308,bastiodon,"[""sturdy""]",soundproof,60,52,168,47,138,30,"[""ROCK"", ""STEEL""]",[30],[100],"[307, 308]"
309,slaking,"[""truant""]",,150,160,100,95,65,100,"[""NORMAL""]",[36],[100],"[385, 386, 309]"
310,absol,"[""pressure"", ""super-luck""]",justified,65,130,60,75,60,75,"[""DARK""]",[1],[100],[310]
311,duskull,"[""levitate""]",frisk,20,40,90,30,90,25,"[""GHOST""]",[1],[36],"[311, 312, 313]"
312,dusclops,"[""pressure""]",frisk,40,70,130,60,130,25,"[""GHOST""]",[37],[50],"[311, 312, 313]"
313,dusknoir,"[""pressure""]",frisk,45,100,135,65,135,45,"[""GHOST""]",[50],[100],"[311, 312, 313]"
314,wailord,"[""water-veil"", ""oblivious""]",pressure,170,90,45,90,45,60,"[""WATER""]",[40],[100],"[387, 314]"
315,arceus,"[""multitype""]",,120,120,120,120,120,120,"[""NORMAL""]",[1],[100],[315]
316,turtwig,"[""overgrow""]",shell-armor,55,68,64,45,55,31,"[""GRASS""]",[1],[17],"[316, 317, 318]"
317,grotle,"[""overgrow""]",shell-armor,75,89,85,55,65,36,"[""GRASS""]",[18],[31],"[316, 317, 318]"
318,torterra,"[""overgrow""]",shell-armor,95,109,105,75,85,56,"[""GRASS"", ""GROUND""]",[32],[100],"[316, 317, 318]"
319,chimchar,"[""blaze""]",iron-fist,44,58,44,58,44,61,"[""FIRE""]",[1],[13],"[319, 320, 321]"
320,monferno,"[""blaze""]",iron-fist,64,78,52,78,52,81,"[""FIRE"", ""FIGHTING""]",[14],[35],"[319, 320, 321]"
321,infernape,"[""blaze""]",iron-fist,76,104,71,104,71,108,"[""FIRE"", ""FIGHTING""]",[36],[100],"[319, 320, 321]"
322,piplup,"[""torrent""]",defiant,53,51,53,61,56,40,"[""WATER""]",[1],[15],"[322, 323, 324]"
323,prinplup,"[""torrent""]",defiant,64,66,68,81,76,50,"[""WATER""]",[16],[35],"[322, 323, 324]"
324,empoleon,"[""torrent""]",defiant,84,86,88,111,101,60,"[""STEEL"", ""WATER""]",[36],[100],"[322, 323, 324]"
325,nosepass,"[""sturdy"", ""magnet-pull""]",sand-force,30,45,135,45,90,30,"[""ROCK""]",[1],"[""magnet stone""]","[325, 326]"
326,probopass,"[""sturdy"", ""magnet-pull""]",sand-force,60,55,145,75,150,40,"[""ROCK"", ""STEEL""]","[""magnet stone""]",[100],"[325, 326]"
327,honedge,"[""no-guard""]",,45,80,100,35,37,28,"[""STEEL"", ""GHOST""]",[1],[34],"[327, 328, 329]"
328,doublade,"[""no-guard""]",,59,110,150,45,49,35,"[""STEEL"", ""GHOST""]",[35],"[""dusk-stone""]","[327, 328, 329]"
329,aegislash,"[""stance-change""]",,60,50,140,50,140,60,"[""STEEL"", ""GHOST""]","[""dusk-stone""]",[100],"[327, 328, 329]"
330,pawniard,"[""defiant"", ""inner-focus""]",pressure,45,85,70,40,40,60,"[""DARK"", ""STEEL""]",[1],[51],"[330, 331]"
331,bisharp,"[""defiant"", ""inner-focus""]",pressure,65,125,100,60,70,70,"[""DARK"", ""STEEL""]",[52],[100],"[330, 331]"
332,luxray,"[""rivalry"", ""intimidate""]",guts,80,120,79,95,79,70,"[""ELECTRIC""]",[30],[100],"[388, 389, 332]"
333,aggron,"[""sturdy"", ""rock-head""]",heavy-metal,70,110,180,60,60,50,"[""STEEL"", ""ROCK""]",[42],[100],"[390, 391, 333]"
334,flygon,"[""levitate""]",,80,100,80,80,80,100,"[""GROUND"", ""DRAGON""]",[45],[100],"[392, 393, 334]"
335,milotic,"[""marvel-scale"", ""competitive""]",cute-charm,95,60,79,100,125,81,"[""WATER""]",[35],[100],"[394, 335]"
336,salamence,"[""intimidate""]",moxie,95,135,80,110,80,100,"[""DRAGON"", ""FLYING""]",[50],[100],"[395, 396, 336]"
337,klinklang,"[""plus"", ""minus""]",clear-body,60,100,115,70,85,90,"[""STEEL""]",[49],[100],"[397, 398, 337]"
338,zoroark,"[""illusion""]",,60,105,60,120,60,105,"[""DARK""]",[30],[100],"[399, 338]"
339,sylveon,"[""cute-charm""]",pixilate,95,65,65,110,130,60,"[""FAIRY""]","[""shiny stone""]",[100],"[133, 134, 135, 136, 196, 197, 271, 272, 339]"
340,kyogre,"[""drizzle""]",,100,100,90,150,140,90,"[""WATER""]",[1],[100],[340]
341,groudon,"[""drought""]",,100,150,140,100,90,90,"[""GROUND""]",[1],[100],[341]
342,rayquaza,"[""air-lock""]",,105,150,90,150,90,95,"[""DRAGON"", ""FLYING""]",[1],[100],[342]
343,dialga,"[""pressure""]",telepathy,100,120,120,150,100,90,"[""STEEL"", ""DRAGON""]",[1],[100],[343]
344,palkia,"[""pressure""]",telepathy,90,120,100,150,120,100,"[""WATER"", ""DRAGON""]",[1],[100],[344]
345,giratina,"[""pressure""]",telepathy,150,100,120,100,120,90,"[""GHOST"", ""DRAGON""]",[1],[100],[345]
346,regigigas,"[""slow-start""]",,110,160,110,80,110,100,"[""NORMAL""]",[1],[100],[346]
347,darkrai,"[""bad-dreams""]",,70,90,90,135,90,125,"[""DARK""]",[1],[100],[347]
348,genesect,"[""download""]",,71,120,95,120,95,99,"[""BUG"", ""STEEL""]",[1],[100],[348]
349,reshiram,"[""turboblaze""]",,100,120,100,150,120,90,"[""DRAGON"", ""FIRE""]",[1],[100],[349]
350,zekrom,"[""teravolt""]",,100,150,120,120,100,90,"[""DRAGON"", ""ELECTRIC""]",[1],[100],[350]
351,kyurem,"[""pressure""]",,125,130,90,130,90,95,"[""DRAGON"", ""ICE""]",[1],[100],[351]
352,roserade,"[""natural-cure"", ""poison-point""]",technician,60,70,65,125,105,90,"[""GRASS"", ""POISON""]","[""shiny-stone""]",[100],"[400, 401, 352]"
353,drifblim,"[""aftermath"", ""unburden""]",flare-boost,150,80,44,90,54,80,"[""GHOST"", ""FLYING""]",[28],[100],"[402, 353]"
354,lopunny,"[""cute-charm"", ""klutz""]",limber,65,76,84,54,96,105,"[""NORMAL""]",[22],[100],"[403, 354]"
355,breloom,"[""effect-spore"", ""poison-heal""]",technician,60,130,80,60,60,70,"[""GRASS"", ""FIGHTING""]",[23],[100],"[404, 355]"
356,ninjask,"[""speed-boost""]",infiltrator,61,90,45,50,50,160,"[""BUG"", ""FLYING""]",[20],[100],"[382, 356, 289]"
357,banette,"[""insomnia"", ""frisk""]",cursed-body,64,115,65,83,63,65,"[""GHOST""]",[37],[100],"[405, 357]"
358,rotom,"[""levitate""]",,50,50,77,95,77,91,"[""ELECTRIC"", ""GHOST""]",[1],[100],[358]
359,reuniclus,"[""overcoat"", ""magic-guard""]",regenerator,110,65,75,125,85,30,"[""PSYCHIC""]",[41],[100],"[406, 407, 359]"
360,whimsicott,"[""prankster"", ""infiltrator""]",chlorophyll,60,67,85,77,75,116,"[""GRASS"", ""FAIRY""]","[""sun-stone""]",[100],"[408, 360]"
361,krookodile,"[""intimidate"", ""moxie""]",anger-point,95,117,80,65,70,92,"[""GROUND"", ""DARK""]",[40],[100],"[409, 410, 361]"
362,cofagrigus,"[""mummy""]",,58,50,145,95,105,30,"[""GHOST""]",[34],[100],"[411, 362]"
363,galvantula,"[""compound-eyes"", ""unnerve""]",swarm,70,77,60,97,60,108,"[""BUG"", ""ELECTRIC""]",[36],[100],"[412, 363]"
364,ferrothorn,"[""iron-barbs""]",anticipation,74,94,131,54,116,20,"[""STEEL"", ""GRASS""]",[40],[100],"[413, 364]"
365,litwick,"[""flash-fire"", ""flame-body""]",infiltrator,50,30,55,65,55,20,"[""GHOST"", ""FIRE""]",[1],[40],"[365, 366, 367]"
366,lampent,"[""flash-fire"", ""flame-body""]",infiltrator,60,40,60,95,60,55,"[""GHOST"", ""FIRE""]",[41],"[""dusk-stone""]","[365, 366, 367]"
367,chandelure,"[""flash-fire"", ""flame-body""]",infiltrator,60,55,90,145,90,80,"[""GHOST"", ""FIRE""]","[""dusk-stone""]",[100],"[365, 366, 367]"
368,haxorus,"[""rivalry"", ""mold-breaker""]",unnerve,76,147,90,60,70,97,"[""DRAGON""]",[48],[100],"[414, 415, 368]"
369,golurk,"[""iron-fist"", ""klutz""]",no-guard,89,124,80,55,80,55,"[""GROUND"", ""GHOST""]",[43],[100],"[416, 369]"
370,pyukumuku,"[""innards-out""]",unaware,55,60,130,30,130,5,"[""WATER""]",[1],[100],[370]
371,klefki,"[""prankster""]",magician,57,80,91,80,87,75,"[""STEEL"", ""FAIRY""]",[1],[100],[371]
372,talonflame,"[""flame-body""]",gale-wings,78,81,71,74,69,126,"[""FIRE"", ""FLYING""]",[35],[100],"[417, 418, 372]"
373,mimikyu,"[""disguise""]",,55,90,80,50,105,96,"[""GHOST"", ""FAIRY""]",[1],[100],[373]
374,volcarona,"[""flame-body""]",swarm,85,60,65,135,105,100,"[""BUG"", ""FIRE""]",[59],[100],"[419, 374]"
375,deino,"[""hustle""]",,52,65,50,45,50,38,"[""DARK"", ""DRAGON""]",[1],[49],"[375, 376, 377]"
376,zweilous,"[""hustle""]",,72,85,70,65,70,58,"[""DARK"", ""DRAGON""]",[50],[63],"[375, 376, 377]"
377,hydreigon,"[""levitate""]",,92,105,90,125,90,98,"[""DARK"", ""DRAGON""]",[64],[100],"[375, 376, 377]"
378,latias,"[""levitate""]",,80,80,90,110,130,110,"[""DRAGON"", ""PSYCHIC""]",[1],[100],[378]
379,latios,"[""levitate""]",,80,90,80,130,110,110,"[""DRAGON"", ""PSYCHIC""]",[1],[100],[379]
380,deoxys,"[""pressure""]",,50,150,50,150,50,150,"[""PSYCHIC""]",[1],[100],[380]
381,jirachi,"[""serene-grace""]",,100,100,100,100,100,100,"[""STEEL"", ""PSYCHIC""]",[1],[100],[381]
382,nincada,"[""compound-eyes""]",run-away,31,45,90,30,30,40,"[""BUG"", ""GROUND""]",[1],"[[19], [""shed""]]","[382, 356, 289]"
383,bibarel,"[""simple"", ""unaware""]",moody,79,85,60,55,60,71,"[""NORMAL"", ""WATER""]",[15],[100],"[294, 383]"
384,riolu,"[""steadfast"", ""inner-focus""]",prankster,40,70,40,35,40,60,"[""FIGHTING""]",[1],[30],"[384, 296]"
385,slakoth,"[""truant""]",,60,60,60,35,35,30,"[""NORMAL""]",[1],[17],"[385, 386, 309]"
386,vigoroth,"[""vital-spirit""]",,80,80,80,55,55,90,"[""NORMAL""]",[18],[35],"[385, 386, 309]"
387,wailmer,"[""water-veil"", ""oblivious""]",pressure,130,70,35,70,35,60,"[""WATER""]",[1],[39],"[387, 314]"
388,shinx,"[""rivalry"", ""intimidate""]",guts,45,65,34,40,34,45,"[""ELECTRIC""]",[1],[14],"[388, 389, 332]"
389,luxio,"[""rivalry"", ""intimidate""]",guts,60,85,49,60,49,60,"[""ELECTRIC""]",[15],[29],"[388, 389, 332]"
390,aron,"[""sturdy"", ""rock-head""]",heavy-metal,50,70,100,40,40,30,"[""STEEL"", ""ROCK""]",[1],[31],"[390, 391, 333]"
391,lairon,"[""sturdy"", ""rock-head""]",heavy-metal,60,90,140,50,50,40,"[""STEEL"", ""ROCK""]",[32],[41],"[390, 391, 333]"
392,trapinch,"[""hyper-cutter"", ""arena-trap""]",sheer-force,45,100,45,45,45,10,"[""GROUND""]",[1],[34],"[392, 393, 334]"
393,vibrava,"[""levitate""]",,50,70,50,50,50,70,"[""GROUND"", ""DRAGON""]",[35],[44],"[392, 393, 334]"
394,feebas,"[""swift-swim"", ""oblivious""]",adaptability,20,15,20,10,55,80,"[""WATER""]",[1],[35],"[394, 335]"
395,bagon,"[""rock-head""]",sheer-force,45,75,60,40,30,50,"[""DRAGON""]",[1],[29],"[395, 396, 336]"
396,shelgon,"[""rock-head""]",overcoat,65,95,100,60,50,50,"[""DRAGON""]",[30],[49],"[395, 396, 336]"
397,klink,"[""plus"", ""minus""]",clear-body,40,55,70,45,60,30,"[""STEEL""]",[1],[37],"[397, 398, 337]"
398,klang,"[""plus"", ""minus""]",clear-body,60,80,95,70,85,50,"[""STEEL""]",[38],[48],"[397, 398, 337]"
399,zorua,"[""illusion""]",,40,65,40,80,40,65,"[""DARK""]",[1],[29],"[399, 338]"
400,budew,"[""natural-cure"", ""poison-point""]",leaf-guard,40,30,35,50,70,55,"[""GRASS"", ""POISON""]",[1],[15],"[400, 401, 352]"
401,roselia,"[""natural-cure"", ""poison-point""]",leaf-guard,50,60,45,100,80,65,"[""GRASS"", ""POISON""]",[15],"[""shiny-stone""]","[400, 401, 352]"
402,drifloon,"[""aftermath"", ""unburden""]",flare-boost,90,50,34,60,44,70,"[""GHOST"", ""FLYING""]",[1],[27],"[402, 353]"
403,buneary,"[""run-away"", ""klutz""]",limber,55,66,44,44,56,85,"[""NORMAL""]",[1],[22],"[403, 354]"
404,shroomish,"[""effect-spore"", ""poison-heal""]",quick-feet,60,40,60,40,60,35,"[""GRASS""]",[1],[22],"[404, 355]"
405,shuppet,"[""insomnia"", ""frisk""]",cursed-body,44,75,35,63,33,45,"[""GHOST""]",[1],[36],"[405, 357]"
406,solosis,"[""overcoat"", ""magic-guard""]",regenerator,45,30,40,105,50,20,"[""PSYCHIC""]",[1],[31],"[406, 407, 359]"
407,duosion,"[""overcoat"", ""magic-guard""]",regenerator,65,40,50,125,60,30,"[""PSYCHIC""]",[32],[40],"[406, 407, 359]"
408,cottonee,"[""prankster"", ""infiltrator""]",chlorophyll,40,27,60,37,50,66,"[""GRASS"", ""FAIRY""]",[1],"[""sun-stone""]","[408, 360]"
409,sandile,"[""intimidate"", ""moxie""]",anger-point,50,72,35,35,35,65,"[""GROUND"", ""DARK""]",[1],[28],"[409, 410, 361]"
410,krokorok,"[""intimidate"", ""moxie""]",anger-point,60,82,45,45,45,74,"[""GROUND"", ""DARK""]",[29],[39],"[409, 410, 361]"
411,yamask,"[""mummy""]",,38,30,85,55,65,30,"[""GHOST""]",[1],[33],"[411, 362]"
412,joltik,"[""compound-eyes"", ""unnerve""]",swarm,50,47,50,57,50,65,"[""BUG"", ""ELECTRIC""]",[1],[35],"[412, 363]"
413,ferroseed,"[""iron-barbs""]",,44,50,91,24,86,10,"[""GRASS"", ""STEEL""]",[1],[39],"[413, 364]"
414,axew,"[""rivalry"", ""mold-breaker""]",unnerve,46,87,60,30,40,57,"[""DRAGON""]",[1],[37],"[414, 415, 368]"
415,fraxure,"[""rivalry"", ""mold-breaker""]",unnerve,66,117,70,40,50,67,"[""DRAGON""]",[38],[47],"[414, 415, 368]"
416,golett,"[""iron-fist"", ""klutz""]",no-guard,59,74,50,35,50,35,"[""GROUND"", ""GHOST""]",[1],[42],"[416, 369]"
417,fletchling,"[""big-pecks""]",gale-wings,45,50,43,40,38,62,['FLYING'],[1],[16],"[417, 418, 372]"
418,fletchinder,"[""flame-body""]",gale-wings,62,73,55,56,52,84,"[""FIRE"", ""FLYING""]",[17],[34],"[417, 418, 372]"
419,larvesta,"[""flame-body""]",swarm,55,85,55,50,55,60,"[""BUG"", ""FIRE""]",[1],[58],"[419, 374]"
420,stunfisk,"[""static"", ""limber""]",sand-veil,109,66,84,81,99,32,"[""GROUND"", ""ELECTRIC""]",[1],[100],[420]
